time,price,volume
2013-05-21,126.95000000000002,4482.28
2013-05-22,125.475,5332.715
2013-05-23,130.105,1754.6950000000002
2013-05-24,133.0275,1736.915
2013-05-25,132.2625,1574.2050000000002
2013-05-26,138.895,195.285
2013-05-27,132.495,6804.535
2013-05-28,135.505,4329.51
2013-05-29,138.57,3230.1299999999997
2013-05-30,135.4225,2202.4249999999997
2013-05-31,132.4175,4605.485
2013-06-01,135.38,2256.565
2013-06-02,136.0025,1115.57
2013-06-03,129.6925,5282.015
2013-06-04,131.3475,5624.215
2013-06-05,128.3125,5930.22
2013-06-06,122.9925,7146.445
2013-06-07,124.9325,3404.465
2013-06-08,119.535,4400.66
2013-06-09,113.87249999999999,1492.605
2013-06-10,120.20500000000001,3669.53
2013-06-11,116.32749999999999,2768.175
2013-06-12,122.85,2477.47
2013-06-13,112.65,4864.835
2013-06-14,117.65,2819.655
2013-06-15,110.6675,1530.685
2013-06-16,117.665,740.55
2013-06-17,112.1125,7617.01
2013-06-18,117.6175,1774.58
2013-06-19,123.69750000000002,3284.4700000000003
2013-06-20,125.525,3442.38
2013-06-21,127.08500000000001,2946.725
2013-06-22,124.525,1818.075
2013-06-23,123.605,1102.8249999999998
2013-06-24,118.1825,3019.995
2013-06-25,122.51,3240.975
2013-06-26,121.565,1844.0449999999998
2013-06-27,118.41000000000001,5807.06
2013-06-28,120.545,5346.445
2013-06-29,121.13000000000002,1846.875
2013-06-30,112.515,1149.7350000000001
2013-07-01,114.1325,7476.05
2013-07-02,100.57249999999999,6066.815
2013-07-03,102.8475,6739.165
2013-07-04,101.3675,4985.665
2013-07-05,91.96000000000001,5067.3949999999995
2013-07-06,94.72,1626.2949999999998
2013-07-07,90.80000000000001,1576.655
2013-07-08,92.135,3807.68
2013-07-09,90.83500000000001,7934.294999999999
2013-07-10,103.1325,7034.165
2013-07-11,100.57,4723.95
2013-07-12,106.79,7316.375
2013-07-13,106.5225,2697.52
2013-07-14,109.92500000000001,1124.3449999999998
2013-07-15,113.735,8445.565
2013-07-16,108.955,4711.61
2013-07-17,103.65750000000001,6005.735
2013-07-18,98.14,5810.855
2013-07-19,105.4775,6299.49
2013-07-20,103.82000000000001,986.97
2013-07-21,101.2225,1205.065
2013-07-22,100.125,13826.199999999999
2013-07-23,104.9625,7434.575
2013-07-24,103.67500000000001,7255.08
2013-07-25,101.51749999999998,5151.13
2013-07-26,103.195,6622.01
2013-07-27,105.505,3849.29
2013-07-28,101.095,2563.0299999999997
2013-07-29,103.39500000000001,12676.725
2013-07-30,106.575,13335.515
2013-07-31,111.73,16094.545
2013-08-01,115.0825,8338.665
2013-08-02,114.61000000000001,10602.385
2013-08-03,114.34,4093.41
2013-08-04,111.41,992.615
2013-08-05,114.16,12464.945
2013-08-06,125.84000000000002,9892.64
2013-08-07,121.31,9262.86
2013-08-08,117.2275,6170.685
2013-08-09,117.06500000000001,5323.095
2013-08-10,119.35249999999999,1796.855
2013-08-11,117.7425,4750.49
2013-08-12,117.80250000000001,5414.115
2013-08-13,116.9325,12186.155
2013-08-14,119.1275,10660.265000000001
2013-08-15,127.52000000000001,6452.92
2013-08-16,117.63499999999999,7813.17
2013-08-17,112.82,1639.81
2013-08-18,113.04249999999999,3696.545
2013-08-19,121.07499999999999,8107.965
2013-08-20,111.8325,14434.625
2013-08-21,118.7,16045.625
2013-08-22,134.875,6827.8
2013-08-23,125.8675,14698.345
2013-08-24,124.2,5205.3949999999995
2013-08-25,119.695,2032.7900000000002
2013-08-26,124.23999999999998,13849.79
2013-08-27,134.4225,12889.235
2013-08-28,138.0725,20631.235
2013-08-29,137.4225,17287.274999999998
2013-08-30,138.7275,13118.34
2013-08-31,149.74,4362.5
2013-09-01,149.92000000000002,6530.935
2013-09-02,145.92000000000002,24033.605
2013-09-03,147.615,23838.16
2013-09-04,150.17749999999998,21055.145
2013-09-05,139.9325,20813.37
2013-09-06,136.1375,13568.975
2013-09-07,135.6325,3124.585
2013-09-08,133.8725,9155.66
2013-09-09,135.5475,15818.94
2013-09-10,133.9875,26023.27
2013-09-11,141.635,17030.48
2013-09-12,143.74,13464.13
2013-09-13,140.9475,19517.605
2013-09-14,138.39,1870.095
2013-09-15,140.0,3662.1400000000003
2013-09-16,144.335,15686.654999999999
2013-09-17,142.5375,16633.515
2013-09-18,138.82999999999998,28513.42
2013-09-19,136.0875,7777.02
2013-09-20,139.51749999999998,14589.47
2013-09-21,143.285,3883.975
2013-09-22,140.5225,3153.005
2013-09-23,132.4925,21729.885
2013-09-24,134.29,23500.55
2013-09-25,136.16,17812.315
2013-09-26,132.39249999999998,15219.425
2013-09-27,138.065,13861.82
2013-09-28,144.215,4171.675
2013-09-29,143.39000000000001,5386.13
2013-09-30,143.6225,17110.315
2013-10-01,147.78,14781.824999999999
2013-10-02,145.45499999999998,13981.480000000001
2013-10-03,146.455,5013.365
2013-10-04,152.84,7359.17
2013-10-05,143.8275,6397.95
2013-10-06,143.54250000000002,3086.505
2013-10-07,146.7975,4777.150000000001
2013-10-08,142.99,7987.4800000000005
2013-10-09,152.34,11248.380000000001
2013-10-10,140.7275,7604.879999999999
2013-10-11,142.225,26409.915
2013-10-12,150.16,4794.35
2013-10-13,151.40750000000003,5695.17
2013-10-14,163.135,16055.18
2013-10-15,166.9825,9790.64
2013-10-16,156.245,18829.215
2013-10-17,158.1475,13076.89
2013-10-18,173.14249999999998,14826.355
2013-10-19,171.025,13086.89
2013-10-20,183.0775,7503.92
2013-10-21,194.5625,18688.54
2013-10-22,206.8725,17297.505
2013-10-23,217.9925,24428.16
2013-10-24,213.79000000000002,20138.954999999998
2013-10-25,220.2,20365.399999999998
2013-10-26,219.22,7586.555
2013-10-27,210.2325,6202.37
2013-10-28,211.9025,21543.97
2013-10-29,219.01000000000002,11772.14
2013-10-30,222.535,17191.969999999998
2013-10-31,220.91500000000002,5623.435
2013-11-01,222.72249999999997,9300.609999999999
2013-11-02,230.33,6523.455
2013-11-03,239.7225,2855.215
2013-11-04,249.6525,17183.075
2013-11-05,258.325,23011.035
2013-11-06,276.02750000000003,12820.689999999999
2013-11-07,305.115,22677.760000000002
2013-11-08,332.705,27966.84
2013-11-09,385.155,13588.655
2013-11-10,375.1525,6735.485000000001
2013-11-11,382.84749999999997,21643.385
2013-11-12,396.45500000000004,28451.925000000003
2013-11-13,419.82250000000005,39770.924999999996
2013-11-14,455.365,32293.565
2013-11-15,468.2775,19353.0
2013-11-16,501.59000000000003,22162.265
2013-11-17,511.54,13977.93
2013-11-18,677.93,58521.66
2013-11-19,785.3275,45466.84
2013-11-20,718.6175000000001,21254.755
2013-11-21,764.9550000000002,37816.585
2013-11-22,783.395,30387.07
2013-11-23,859.0,5704.035
2013-11-24,942.935,11311.39
2013-11-25,906.7525,21336.63
2013-11-26,953.5500000000001,43783.34
2013-11-27,1048.4775,44560.200000000004
2013-11-28,1088.4825,73397.08499999999
2013-11-29,1249.73,76314.34
2013-11-30,1324.7224999999999,23510.695
2013-12-01,1243.275,13818.580000000002
2013-12-02,1271.33,79854.56999999999
2013-12-03,1226.6625,75137.61
2013-12-04,1260.0149999999999,64783.975
2013-12-05,1291.105,48090.405
2013-12-06,1182.01,22751.44
2013-12-07,1017.0425,14806.45
2013-12-08,1001.8525,8393.48
2013-12-09,1113.19,22902.73
2013-12-10,1067.1025,27037.595
2013-12-11,1095.5774999999999,34684.62
2013-12-12,1078.095,34558.795
2013-12-13,1046.1599999999999,34817.53999999999
2013-12-14,1064.0375,5318.505
2013-12-15,1086.9675,7814.95
2013-12-16,989.0449999999998,43679.295
2013-12-17,910.1175000000001,26902.010000000002
2013-12-18,790.165,38214.555
2013-12-19,756.5625,29897.145
2013-12-20,791.155,21685.255
2013-12-21,875.9449999999999,6556.32
2013-12-22,787.4575,7720.0599999999995
2013-12-23,885.1700000000001,17278.685
2013-12-24,828.8575,19918.45
2013-12-25,875.6625,784.9300000000001
2013-12-26,830.7575,4759.81
2013-12-27,861.4975,14526.07
2013-12-28,860.55,10075.73
2013-12-29,827.1875,6347.225
2013-12-30,870.1875,15262.375
2013-12-31,883.585,7692.32
2014-01-01,859.965,5756.945
2014-01-02,865.6324999999999,18222.4
2014-01-03,974.6925,21857.679999999997
2014-01-04,973.4625,7490.905
2014-01-05,1014.38,4265.52
2014-01-06,1105.7725,23227.28
2014-01-07,1261.7025,19927.899999999998
2014-01-08,1105.6200000000001,19844.645
2014-01-09,1007.5224999999999,17679.77
2014-01-10,1047.5774999999999,16371.85
2014-01-11,974.37,15172.33
2014-01-12,986.3625,6163.495
2014-01-13,994.525,40027.37
2014-01-14,1029.1325000000002,34739.985
2014-01-15,1078.765,26998.64
2014-01-16,1066.0025,31200.45
2014-01-17,974.59,40727.935
2014-01-18,1025.0075000000002,4497.424999999999
2014-01-19,993.3275,8742.06
2014-01-20,1002.3349999999999,31154.235
2014-01-21,986.255,24588.645
2014-01-22,1021.0625,35538.795
2014-01-23,998.1375,28724.42
2014-01-24,945.7375,38230.42
2014-01-25,964.04,24833.935
2014-01-26,1002.4625,8357.55
2014-01-27,992.3924999999999,10930.71
2014-01-28,950.6125,20365.774999999998
2014-01-29,968.4575,30682.2
2014-01-30,944.8125,28654.170000000002
2014-01-31,953.38,40407.77
2014-02-01,962.425,9717.355000000001
2014-02-02,941.295,7310.14
2014-02-03,951.0574999999999,28402.015
2014-02-04,939.2574999999999,49487.674999999996
2014-02-05,941.535,29949.21
2014-02-06,904.3924999999999,39330.29
2014-02-07,869.6125000000001,47650.505000000005
2014-02-08,835.2775,7451.535000000001
2014-02-09,821.4949999999999,10361.93
2014-02-10,814.0875000000001,26563.605
2014-02-11,861.1925,19218.25
2014-02-12,809.015,23066.370000000003
2014-02-13,806.1525,15411.539999999999
2014-02-14,772.255,25667.98
2014-02-15,762.995,11701.445
2014-02-16,737.2475000000001,8876.755
2014-02-17,738.1700000000001,18649.31
2014-02-18,751.6775,17329.625
2014-02-19,727.2425000000001,27454.625
2014-02-20,700.35,20509.37
2014-02-21,682.4125,20753.364999999998
2014-02-22,722.8925,6970.070000000001
2014-02-23,651.155,12394.105
2014-02-24,722.1825,31181.975
2014-02-25,694.7975,26102.079999999998
2014-02-26,639.95,35398.065
2014-02-27,642.965,30798.25
2014-02-28,661.63,23089.91
2014-03-01,651.15,3758.0150000000003
2014-03-02,659.8875,4948.255
2014-03-03,685.6475,30684.65
2014-03-04,790.8075,36652.815
2014-03-05,1483.8925,28084.81
2014-03-06,733.1175000000001,21078.274999999998
2014-03-07,742.825,26716.67
2014-03-08,714.385,11778.474999999999
2014-03-09,707.5074999999999,15341.96
2014-03-10,714.4025,26157.7
2014-03-11,729.7775,26265.945
2014-03-12,711.95,34892.965000000004
2014-03-13,724.145,19683.045000000002
2014-03-14,795.2625,41024.869999999995
2014-03-15,768.65,8724.345000000001
2014-03-16,755.9125,4293.46
2014-03-17,717.47,23660.37
2014-03-18,700.51,37277.565
2014-03-19,686.7524999999999,25553.015000000003
2014-03-20,679.23,30839.19
2014-03-21,684.0150000000001,24805.01
2014-03-22,637.2975,7025.635
2014-03-23,619.8125,5436.425
2014-03-24,648.7075,25365.565
2014-03-25,656.0025,21567.525
2014-03-26,707.8475000000001,33992.985
2014-03-27,627.6475,42533.665
2014-03-28,616.585,17798.7
2014-03-29,577.925,5897.805
2014-03-30,565.675,8030.05
2014-03-31,524.4875,18237.13
2014-04-01,531.56,28901.094999999998
2014-04-02,539.765,21469.699999999997
2014-04-03,525.675,17112.660000000003
2014-04-04,497.16499999999996,13237.18
2014-04-05,491.78999999999996,5600.805
2014-04-06,497.6675,5847.335
2014-04-07,510.9325,40490.265
2014-04-08,506.7025,18526.025
2014-04-09,501.4525,30573.7
2014-04-10,502.595,33583.950000000004
2014-04-11,443.605,40655.795
2014-04-12,495.24,11289.755
2014-04-13,479.38,8012.55
2014-04-14,488.665,28934.5
2014-04-15,525.9575,37481.689999999995
2014-04-16,558.95,34801.595
2014-04-17,567.9925,27584.285
2014-04-18,563.97,3666.1899999999996
2014-04-19,565.0125,12335.735
2014-04-20,552.21,6640.075
2014-04-21,570.385,8890.710000000001
2014-04-22,547.34,33166.84
2014-04-23,551.675,27149.815
2014-04-24,562.6675,33022.705
2014-04-25,676.855,8393.699999999999
2014-04-26,725.77,8564.244999999999
2014-04-27,511.855,6867.445000000001
2014-04-28,497.3225,20625.475
2014-04-29,504.2125,16516.87
2014-04-30,696.8,34407.36
2014-05-01,499.1325,42036.045
2014-05-02,511.905,33353.795
2014-05-03,503.7525,7891.455
2014-05-04,498.21999999999997,130.55065
2014-05-05,496.425,22590.715
2014-05-06,491.40999999999997,22609.825
2014-05-07,488.72749999999996,33143.59
2014-05-08,494.2625,26090.825
2014-05-09,495.0125,32369.755
2014-05-10,502.72749999999996,12430.465
2014-05-11,489.565,13504.46
2014-05-12,470.25,28606.76
2014-05-13,492.95750000000004,34907.12
2014-05-14,492.5725,39282.535
2014-05-15,499.9775,41027.385
2014-05-16,490.7825,29235.515000000003
2014-05-17,499.975,11367.37
2014-05-18,510.9,0.0
2014-05-19,507.32500000000005,756.495
2014-05-20,495.6925,48872.915
2014-05-21,525.6725,52408.2
2014-05-22,575.0350000000001,44426.020000000004
2014-05-23,573.51,29738.144999999997
2014-05-24,578.1324999999999,10180.215
2014-05-25,630.0799999999999,9758.265
2014-05-26,643.33,46689.939999999995
2014-05-27,644.2425000000001,29089.440000000002
2014-05-28,665.4449999999999,35057.07
2014-05-29,643.9175,46192.225
2014-05-30,657.66,50380.195
2014-05-31,671.05,9067.615
2014-06-01,697.355,8490.4
2014-06-02,809.7325000000001,45634.185
2014-06-03,736.3625,44556.155
2014-06-04,748.1575,35840.29
2014-06-05,720.375,49044.835
2014-06-06,724.0375,66200.63
2014-06-07,728.0124999999999,5106.570000000001
2014-06-08,748.0925,5144.905
2014-06-09,750.5375,9600.715
2014-06-10,718.3725,34778.875
2014-06-11,717.2524999999999,35241.215
2014-06-12,698.1600000000001,29020.345
2014-06-13,684.67,45458.745
2014-06-14,686.85,14774.585000000001
2014-06-15,664.6675,6274.1449999999995
2014-06-16,660.9525,61332.165
2014-06-17,671.1899999999999,21373.545
2014-06-18,714.0575,32745.08
2014-06-19,706.375,31589.73
2014-06-20,676.7774999999999,31762.655000000002
2014-06-21,631.5325,6789.9400000000005
2014-06-22,662.0425,3764.575
2014-06-23,676.5775,38536.99
2014-06-24,677.2524999999999,26462.64
2014-06-25,682.0949999999999,36857.51
2014-06-26,622.3675,23702.72
2014-06-27,659.9575,40573.86
2014-06-28,665.315,8871.03
2014-06-29,643.41,3908.96
2014-06-30,678.46,24676.2
2014-07-01,690.635,36258.86
2014-07-02,701.4775,36238.425
2014-07-03,727.6424999999999,28196.32
2014-07-04,690.0450000000001,24110.17
2014-07-05,691.875,12541.324999999999
2014-07-06,764.61,6761.145
2014-07-07,674.5675000000001,43569.21
2014-07-08,705.52,25710.215
2014-07-09,668.0325,36505.195
2014-07-10,687.7725,22151.03
2014-07-11,704.5899999999999,47512.35
2014-07-12,673.7175,2955.29
2014-07-13,710.0,3487.1299999999997
2014-07-14,679.6949999999999,31990.024999999998
2014-07-15,697.4275,42935.615
2014-07-16,666.36,38138.945
2014-07-17,672.5325,45202.850000000006
2014-07-18,681.1625,31679.149999999998
2014-07-19,672.9175,7829.955
2014-07-20,644.5550000000001,9833.845
2014-07-21,689.1324999999999,73513.20499999999
2014-07-22,703.01,39807.735
2014-07-23,675.74,32448.81
2014-07-24,675.83,21685.65
2014-07-25,669.47,29052.275
2014-07-26,671.1925,10319.395
2014-07-27,642.09,9259.039999999999
2014-07-28,655.0175,38530.645
2014-07-29,648.6075000000001,27979.78
2014-07-30,668.365,22598.61
2014-07-31,668.71,21523.059999999998
2014-08-01,675.5925,26558.015
2014-08-02,697.745,4534.7
2014-08-03,653.8775,7548.9800000000005
2014-08-04,650.1049999999999,32916.78
2014-08-05,644.0425,37930.425
2014-08-06,659.2950000000001,42878.405000000006
2014-08-07,687.4224999999999,35771.565
2014-08-08,674.7225,33747.965000000004
2014-08-09,640.8275,9512.554999999998
2014-08-10,667.1475,7030.96
2014-08-11,691.5025,35105.695
2014-08-12,680.1575,61808.15
2014-08-13,614.915,41737.69
2014-08-14,657.3050000000001,23388.920000000002
2014-08-15,606.965,22730.715
2014-08-16,617.265,9265.34
2014-08-17,577.4549999999999,10784.359999999999
2014-08-18,596.135,47911.01
2014-08-19,590.65,60835.62
2014-08-20,553.0075,44039.665
2014-08-21,558.885,60376.18
2014-08-22,552.9025,35201.955
2014-08-23,593.0775000000001,5979.365
2014-08-24,557.01,5723.985000000001
2014-08-25,549.8149999999999,81068.255
2014-08-26,549.5775,54093.885
2014-08-27,574.3475000000001,44647.72
2014-08-28,571.1025000000001,43547.7
2014-08-29,584.215,47936.92
2014-08-30,547.5325,10635.945
2014-08-31,540.1225,7298.19
2014-09-01,542.9875,44705.075000000004
2014-09-02,648.9300000000001,47543.96
2014-09-03,621.0875,57483.725000000006
2014-09-04,509.1625000000001,43087.835
2014-09-05,564.3975,25668.575
2014-09-06,531.825,9376.745
2014-09-07,582.4449999999999,7924.37
2014-09-08,551.0525,41298.81
2014-09-09,528.4775,41921.26500000001
2014-09-10,581.6600000000001,59144.975
2014-09-11,527.815,20301.645
2014-09-12,531.7075,20074.795
2014-09-13,552.9325,10856.6
2014-09-14,532.3725,12360.630000000001
2014-09-15,564.6374999999999,28839.995000000003
2014-09-16,592.2675,64669.495
2014-09-17,535.8275,53803.34
2014-09-18,564.9449999999999,35369.695
2014-09-19,619.21,40227.06
2014-09-20,611.92,13039.105
2014-09-21,455.3575,22689.545
2014-09-22,511.98,76292.185
2014-09-23,467.66499999999996,55719.245
2014-09-24,499.945,43933.495
2014-09-25,544.96,56561.075
2014-09-26,496.82750000000004,29468.66
2014-09-27,535.3499999999999,18128.675
2014-09-28,457.33,12202.625
2014-09-29,465.95000000000005,65541.085
2014-09-30,522.3425000000001,58322.785
2014-10-01,509.48,59221.47
2014-10-02,454.80999999999995,35304.74
2014-10-03,450.47,37824.065
2014-10-04,432.495,10624.49
2014-10-05,406.2875,10035.99
2014-10-06,442.01250000000005,29355.345
2014-10-07,424.995,46981.52
2014-10-08,453.49249999999995,57571.525
2014-10-09,439.6475,41509.424999999996
2014-10-10,449.8825,25958.914999999997
2014-10-11,457.7725,4808.1050000000005
2014-10-12,504.0,11354.0
2014-10-13,510.5725,36598.415
2014-10-14,528.585,68961.86
2014-10-15,490.1625,93789.51999999999
2014-10-16,465.01,57502.185
2014-10-17,474.0075,48157.14
2014-10-18,538.8025,11746.43
2014-10-19,472.2775,12290.07
2014-10-20,478.17,58522.23
2014-10-21,479.45500000000004,46062.454999999994
2014-10-22,530.015,34539.785
2014-10-23,512.705,30397.364999999998
2014-10-24,480.2325,27693.135
2014-10-25,457.7925,12571.375
2014-10-26,453.68,13497.835
2014-10-27,476.76,41143.825000000004
2014-10-28,493.5925,46884.79
2014-10-29,484.955,38115.91
2014-10-30,497.125,45678.729999999996
2014-10-31,493.90250000000003,37169.175
2014-11-01,424.0575,3845.79
2014-11-02,422.3725,6325.349999999999
2014-11-03,425.9325,33323.275
2014-11-04,446.79749999999996,50102.025
2014-11-05,464.245,65101.83500000001
2014-11-06,458.335,43286.145000000004
2014-11-07,435.59999999999997,48858.97
2014-11-08,465.7125,9374.965
2014-11-09,464.76250000000005,8619.894999999999
2014-11-10,456.02750000000003,63440.255
2014-11-11,504.5975,44704.44
2014-11-12,510.285,45380.8
2014-11-13,546.385,33824.13
2014-11-14,498.9425,54977.94500000001
2014-11-15,503.35,10168.565
2014-11-16,499.6,10266.895
2014-11-17,514.6475,51994.549999999996
2014-11-18,510.26,60076.47
2014-11-19,472.7025,50195.705
2014-11-20,456.85749999999996,12790.775
2014-11-21,471.245,50514.385
2014-11-22,439.33,4722.035
2014-11-23,492.7575,12268.76
2014-11-24,455.09999999999997,43183.36
2014-11-25,482.875,51392.505
2014-11-26,478.0,50606.565
2014-11-27,461.3825,44012.06
2014-11-28,506.88250000000005,43503.840000000004
2014-11-29,463.66,20709.774999999998
2014-11-30,502.83250000000004,16379.21
2014-12-01,513.0250000000001,54638.19
2014-12-02,476.4025,52008.27
2014-12-03,478.82499999999993,45827.365
2014-12-04,506.30249999999995,47871.145000000004
2014-12-05,489.15000000000003,77348.01
2014-12-06,507.3375,14222.55
2014-12-07,483.3275,16923.7
2014-12-08,476.325,81917.73000000001
2014-12-09,483.4425,48447.590000000004
2014-12-10,479.445,38880.515
2014-12-11,500.2,42839.075000000004
2014-12-12,468.72,50786.565
2014-12-13,511.3,6602.735000000001
2014-12-14,457.3075,12545.335000000001
2014-12-15,469.38,56493.695
2014-12-16,494.105,71463.08
2014-12-17,482.485,72614.545
2014-12-18,430.39250000000004,59370.884999999995
2014-12-19,425.51750000000004,58498.405
2014-12-20,428.28,16540.460000000003
2014-12-21,435.5675,13972.144999999999
2014-12-22,473.95000000000005,75549.755
2014-12-23,448.07,73386.69
2014-12-24,448.745,81771.535
2014-12-25,429.90250000000003,1740.5849999999998
2014-12-26,429.59000000000003,6916.475
2014-12-27,429.3125,18093.914999999997
2014-12-28,433.61,14345.085000000001
2014-12-29,429.91,55840.49
2014-12-30,427.21250000000003,40518.265
2014-12-31,459.5475,45403.595
2015-01-01,422.6575,13473.405
2015-01-02,457.69500000000005,37434.015
2015-01-03,417.52750000000003,10983.345
2015-01-04,393.95750000000004,9364.310000000001
2015-01-05,377.41249999999997,65201.655
2015-01-06,421.8675,39960.93
2015-01-07,390.3275,55429.29
2015-01-08,379.3825,69116.42
2015-01-09,385.73749999999995,25793.965
2015-01-10,396.10749999999996,12111.23
2015-01-11,372.7025,15877.49
2015-01-12,364.45500000000004,51310.895000000004
2015-01-13,340.9775,62209.604999999996
2015-01-14,324.145,42702.3
2015-01-15,294.1175,38019.075
2015-01-16,305.54999999999995,51311.49
2015-01-17,299.7025,9631.365
2015-01-18,289.71,15215.48
2015-01-19,347.8975,75293.91
2015-01-20,308.6475,54958.4
2015-01-21,308.1925,56622.84
2015-01-22,323.79999999999995,50597.965000000004
2015-01-23,322.32,32609.32
2015-01-24,313.025,8954.804999999998
2015-01-25,396.57,10233.77
2015-01-26,412.34,16432.519999999997
2015-01-27,360.6875,55314.785
2015-01-28,380.2475,54356.055
2015-01-29,330.3,39959.015
2015-01-30,310.6825,48410.995
2015-01-31,305.775,8278.835000000001
2015-02-01,304.8825,15717.875
2015-02-02,310.7625,57833.909999999996
2015-02-03,326.75,55475.42
2015-02-04,320.5875,62028.575
2015-02-05,307.96,44587.635
2015-02-06,303.38,33002.425
2015-02-07,331.45500000000004,7493.135
2015-02-08,453.6675,19023.715
2015-02-09,306.97249999999997,87359.78
2015-02-10,444.59250000000003,77942.69499999999
2015-02-11,315.935,85844.315
2015-02-12,308.2675,52337.479999999996
2015-02-13,320.555,48691.205
2015-02-14,331.15749999999997,11575.265
2015-02-15,414.1975,24765.685
2015-02-16,327.49249999999995,69236.14499999999
2015-02-17,317.56,58441.62
2015-02-18,332.34499999999997,67873.94
2015-02-19,333.975,54902.965
2015-02-20,339.76750000000004,37092.284999999996
2015-02-21,329.97249999999997,14106.275
2015-02-22,340.955,7448.21
2015-02-23,333.0425,47452.205
2015-02-24,340.3725,55003.88
2015-02-25,336.9575,54252.795
2015-02-26,318.375,52288.125
2015-02-27,332.7875,39066.299999999996
2015-02-28,349.3725,6010.485
2015-03-01,357.28000000000003,11344.62
2015-03-02,354.9125,67271.41
2015-03-03,371.83750000000003,86359.23000000001
2015-03-04,372.0325,83687.90999999999
2015-03-05,365.99,33406.369999999995
2015-03-06,370.7575,35662.505000000005
2015-03-07,375.34749999999997,16901.915
2015-03-08,371.1825,10036.744999999999
2015-03-09,382.1875,54820.8
2015-03-10,404.805,66772.135
2015-03-11,399.3025,79051.395
2015-03-12,400.905,40118.36
2015-03-13,451.975,26636.075
2015-03-14,419.455,14745.515000000001
2015-03-15,409.27500000000003,25917.805
2015-03-16,411.385,68153.68000000001
2015-03-17,403.5025,58761.6
2015-03-18,407.4575,56894.445
2015-03-19,370.7825,45346.765
2015-03-20,389.11,50160.295000000006
2015-03-21,365.91,5067.025
2015-03-22,368.97999999999996,23678.859999999997
2015-03-23,367.8825,60928.11
2015-03-24,373.6475,39699.784999999996
2015-03-25,330.45,23767.765
2015-03-26,339.90250000000003,34702.729999999996
2015-03-27,341.2475,46541.35
2015-03-28,324.505,5385.070000000001
2015-03-29,344.5675,15116.91
2015-03-30,354.18,67891.78
2015-03-31,349.6025,43669.965
2015-04-01,334.4025,39166.045000000006
2015-04-02,357.77,42464.425
2015-04-03,368.99250000000006,13532.664999999999
2015-04-04,372.78249999999997,9240.96
2015-04-05,352.72249999999997,1827.56
2015-04-06,343.7525,8694.555
2015-04-07,337.4525,72562.965
2015-04-08,346.745,47583.005
2015-04-09,359.3275,42691.8
2015-04-10,351.75249999999994,40540.884999999995
2015-04-11,343.76,8313.125
2015-04-12,407.23,11229.095
2015-04-13,348.40000000000003,70732.87
2015-04-14,331.40250000000003,71965.49
2015-04-15,321.8775,36937.95
2015-04-16,335.53249999999997,26660.675
2015-04-17,318.865,37672.89
2015-04-18,322.9975,10736.144999999999
2015-04-19,326.565,5455.055
2015-04-20,374.0625,44259.34
2015-04-21,355.75500000000005,51715.094999999994
2015-04-22,322.75,47202.14
2015-04-23,314.265,41556.06
2015-04-24,315.87,43941.32
2015-04-25,319.2025,5188.485000000001
2015-04-26,295.2375,23148.405
2015-04-27,308.34749999999997,57241.705
2015-04-28,312.125,60831.38
2015-04-29,314.595,56562.875
2015-04-30,299.7575,33054.86
2015-05-01,307.1675,35157.115
2015-05-02,312.21500000000003,5781.39
2015-05-03,315.13250000000005,14801.67
2015-05-04,356.9725,59460.96
2015-05-05,319.3325,65046.98
2015-05-06,319.12,47796.155
2015-05-07,305.1925,39515.655
2015-05-08,337.03999999999996,34347.090000000004
2015-05-09,348.0675,6630.21
2015-05-10,319.97,14086.695
2015-05-11,329.46750000000003,42348.065
2015-05-12,318.1425,53049.78
2015-05-13,323.1725,60106.91
2015-05-14,324.155,41979.545000000006
2015-05-15,293.25,23425.350000000002
2015-05-16,319.6125,22821.175
2015-05-17,334.26,7876.285000000001
2015-05-18,343.79749999999996,81098.0
2015-05-19,327.2875,46229.99
2015-05-20,312.8125,63997.845
2015-05-21,345.8475,43745.409999999996
2015-05-22,361.18499999999995,25385.55
2015-05-23,341.28,13227.16
2015-05-24,332.5625,12775.855
2015-05-25,324.33500000000004,57947.045
2015-05-26,327.0425,50441.275
2015-05-27,331.0475,47253.935
2015-05-28,326.6425,57437.105
2015-05-29,360.29249999999996,44373.35
2015-05-30,341.1025,7857.835
2015-05-31,345.4675,13664.295
2015-06-01,333.84000000000003,72278.62
2015-06-02,334.72,76291.83
2015-06-03,357.59000000000003,60270.005
2015-06-04,314.1125,55764.575
2015-06-05,307.9475,55003.049999999996
2015-06-06,296.5325,17726.505
2015-06-07,347.2,7431.1
2015-06-08,323.1975,30780.785
2015-06-09,360.1975,77615.21
2015-06-10,338.4025,63253.36
2015-06-11,330.1825,59030.965
2015-06-12,364.695,33572.905
2015-06-13,331.985,18015.03
2015-06-14,327.6675,12324.08
2015-06-15,301.5125,86936.015
2015-06-16,314.79249999999996,90438.235
2015-06-17,327.28249999999997,77343.56
2015-06-18,324.9475,41891.545
2015-06-19,345.2125,44497.810000000005
2015-06-20,318.50750000000005,7567.965
2015-06-21,312.855,18835.05
2015-06-22,315.9375,57954.445
2015-06-23,318.02750000000003,65381.75
2015-06-24,314.12,68816.435
2015-06-25,312.375,39448.32
2015-06-26,314.38,35564.315
2015-06-27,343.06000000000006,10705.87
2015-06-28,322.355,11031.029999999999
2015-06-29,329.91499999999996,89517.885
2015-06-30,340.9475,69056.9
2015-07-01,341.15,49951.89000000001
2015-07-02,336.4625,41125.735
2015-07-03,336.4675,52061.82
2015-07-04,342.585,18065.55
2015-07-05,354.055,12061.51
2015-07-06,362.4825,68713.305
2015-07-07,359.75750000000005,73674.345
2015-07-08,353.4,63135.705
2015-07-09,388.79749999999996,55919.26
2015-07-10,363.48749999999995,55337.165
2015-07-11,418.23,18552.325
2015-07-12,445.66249999999997,14344.075
2015-07-13,331.075,100535.615
2015-07-14,363.0025,56125.61
2015-07-15,401.765,56154.775
2015-07-16,421.36250000000007,59818.68
2015-07-17,413.77000000000004,31439.095
2015-07-18,421.61,13452.57
2015-07-19,427.15749999999997,21151.3
2015-07-20,464.0825,74811.205
2015-07-21,413.53749999999997,69727.145
2015-07-22,380.41499999999996,57463.185
2015-07-23,375.56,44921.619999999995
2015-07-24,386.23749999999995,45114.63
2015-07-25,397.1475,16268.480000000001
2015-07-26,399.32,21894.37
2015-07-27,403.1575,51454.53
2015-07-28,404.805,90547.935
2015-07-29,398.6675,100080.12000000001
2015-07-30,395.04999999999995,62320.09
2015-07-31,393.0275,31659.385
2015-08-01,418.71999999999997,16382.960000000001
2015-08-02,417.0,11127.24
2015-08-03,389.7275,65003.615000000005
2015-08-04,419.34749999999997,84674.495
2015-08-05,412.09,72367.24
2015-08-06,420.02,74244.39
2015-08-07,383.485,48372.420000000006
2015-08-08,381.675,22668.955
2015-08-09,371.1025,24349.859999999997
2015-08-10,361.88,67198.62000000001
2015-08-11,382.7675,70506.305
2015-08-12,540.5649999999999,61571.425
2015-08-13,538.0475,42035.805
2015-08-14,389.4525,38321.045000000006
2015-08-15,527.8775,17790.895
2015-08-16,361.15749999999997,21525.024999999998
2015-08-17,428.0,64146.89
2015-08-18,377.7175,62661.695
2015-08-19,424.40500000000003,57215.235
2015-08-20,359.345,36804.25
2015-08-21,328.455,57327.034999999996
2015-08-22,311.96,66211.205
2015-08-23,365.135,19384.31
2015-08-24,295.485,88053.515
2015-08-25,297.7225,43486.435000000005
2015-08-26,317.7025,51673.045
2015-08-27,316.12,73172.47
2015-08-28,319.76,51890.19
2015-08-29,321.9325,19391.734999999997
2015-08-30,319.5775,37954.775
2015-08-31,322.91999999999996,78062.87000000001
2015-09-01,324.08500000000004,82334.02
2015-09-02,325.78499999999997,47347.985
2015-09-03,325.02250000000004,55787.99
2015-09-04,328.8825,46328.665
2015-09-05,337.3025,20749.825
2015-09-06,345.96,27252.375
2015-09-07,349.34000000000003,100025.12999999999
2015-09-08,350.27,60525.71
2015-09-09,350.1225,82817.325
2015-09-10,343.025,48054.979999999996
2015-09-11,340.9125,47716.880000000005
2015-09-12,338.2125,9733.394999999999
2015-09-13,331.2775,18404.39
2015-09-14,328.8275,137377.26
2015-09-15,325.0675,82977.09999999999
2015-09-16,320.54499999999996,67386.715
2015-09-17,323.5025,55264.11
2015-09-18,324.95000000000005,44682.98
2015-09-19,323.815,11520.875
2015-09-20,322.8075,31773.26
2015-09-21,320.4275,80684.41
2015-09-22,322.245,88125.69
2015-09-23,326.9575,75363.165
2015-09-24,329.2425,59414.695
2015-09-25,332.59250000000003,33798.805
2015-09-26,332.565,20513.405
2015-09-27,356.89750000000004,17351.64
2015-09-28,331.1575,85936.00499999999
2015-09-29,374.185,99731.625
2015-09-30,338.52250000000004,78297.975
2015-10-01,339.305,62368.14
2015-10-02,340.1275,17521.04
2015-10-03,377.745,15408.800000000001
2015-10-04,405.7,14877.045
2015-10-05,356.7575,42107.465
2015-10-06,344.385,89813.12
2015-10-07,343.89,76732.055
2015-10-08,339.105,54124.469999999994
2015-10-09,336.01250000000005,39823.31
2015-10-10,335.975,13648.975
2015-10-11,337.96,24248.739999999998
2015-10-12,339.36499999999995,88447.00499999999
2015-10-13,359.295,117798.35
2015-10-14,374.99,61011.635
2015-10-15,347.8025,65548.33499999999
2015-10-16,353.46000000000004,53070.52
2015-10-17,366.2725,20302.065
2015-10-18,373.265,27889.59
2015-10-19,368.205,110693.45
2015-10-20,412.3625,87003.78
2015-10-21,395.79499999999996,65019.674999999996
2015-10-22,391.2,46301.005
2015-10-23,413.8525,46964.705
2015-10-24,376.21500000000003,19874.26
2015-10-25,394.745,29621.53
2015-10-26,396.055,86511.515
2015-10-27,396.53499999999997,93636.37
2015-10-28,446.98,74124.58
2015-10-29,464.1625,66959.125
2015-10-30,512.4399999999999,38159.395
2015-10-31,507.475,17535.445
2015-11-01,479.4525,33262.255
2015-11-02,427.045,82484.685
2015-11-03,595.915,96526.41
2015-11-04,649.3375,127969.21
2015-11-05,608.2149999999999,82755.735
2015-11-06,560.885,49039.585
2015-11-07,560.59,18990.829999999998
2015-11-08,582.9325,28419.585000000003
2015-11-09,580.8725,96578.01999999999
2015-11-10,548.2925,82722.785
2015-11-11,480.9525,61835.705
2015-11-12,482.75499999999994,80381.53
2015-11-13,491.9475,49092.07
2015-11-14,505.015,27793.59
2015-11-15,445.11,35877.69
2015-11-16,498.3975,85809.29
2015-11-17,474.69,102990.06000000001
2015-11-18,472.47749999999996,109257.995
2015-11-19,464.67999999999995,79745.93
2015-11-20,445.58,43013.72
2015-11-21,444.375,13552.4
2015-11-22,489.3375,27671.74
2015-11-23,450.82,105690.785
2015-11-24,446.8225,96610.145
2015-11-25,439.88500000000005,112811.155
2015-11-26,468.54,143526.565
2015-11-27,494.965,190226.19
2015-11-28,497.0825,31253.09
2015-11-29,505.71999999999997,150351.825
2015-11-30,520.1125,473894.51499999996
2015-12-01,507.53,338628.96
2015-12-02,491.8375,178611.95
2015-12-03,495.6025,457451.385
2015-12-04,492.63250000000005,255804.605
2015-12-05,514.2225,218947.16
2015-12-06,536.3325,883169.125
2015-12-07,541.1424999999999,698783.455
2015-12-08,548.0925,362176.795
2015-12-09,568.36,595717.91
2015-12-10,574.525,534387.7100000001
2015-12-11,601.6374999999999,743696.7250000001
2015-12-12,618.49,2876429.175
2015-12-13,603.6125,239462.275
2015-12-14,610.17,471584.805
2015-12-15,622.485,427635.085
2015-12-16,630.0600000000001,979215.5650000001
2015-12-17,631.495,496289.99
2015-12-18,641.4549999999999,702157.16
2015-12-19,644.425,30671.17
2015-12-20,627.46,234159.76
2015-12-21,609.9975,1103247.05
2015-12-22,606.2025,288313.20999999996
2015-12-23,607.7325000000001,203465.46
2015-12-24,619.72,418760.33
2015-12-25,625.7325000000001,39300.885
2015-12-26,597.27,1261787.135
2015-12-27,576.7425000000001,137242.025
2015-12-28,585.8625,252449.515
2015-12-29,584.4000000000001,81476.76
2015-12-30,579.6500000000001,44766.990000000005
2015-12-31,578.715,126110.715
2016-01-01,587.855,64002.85
2016-01-02,593.625,24078.414999999997
2016-01-03,588.515,71265.94
2016-01-04,593.5325,106081.205
2016-01-05,604.135,140993.625
2016-01-06,602.6825,116591.77
2016-01-07,626.3,576467.4650000001
2016-01-08,648.5925,160882.53999999998
2016-01-09,646.49,15384.859999999999
2016-01-10,644.14,17908.239999999998
2016-01-11,673.5675,98700.115
2016-01-12,639.1375,74740.525
2016-01-13,624.47,123482.47
2016-01-14,617.3975,54123.635
2016-01-15,578.555,672957.485
2016-01-16,544.9050000000001,387870.73500000004
2016-01-17,558.395,232828.31999999998
2016-01-18,554.2974999999999,109158.645
2016-01-19,554.0799999999999,123660.745
2016-01-20,569.66,215406.38999999998
2016-01-21,596.3475,73559.865
2016-01-22,569.865,215676.815
2016-01-23,551.155,99707.99500000001
2016-01-24,562.985,105024.245
2016-01-25,568.5450000000001,161348.07
2016-01-26,564.13,144897.16
2016-01-27,561.6675,103180.72
2016-01-28,547.705,96488.425
2016-01-29,531.02,55987.575
2016-01-30,531.49,17154.05
2016-01-31,531.85,23232.175
2016-02-01,526.235,117761.805
2016-02-02,522.8074999999999,79403.445
2016-02-03,518.8175,82468.23
2016-02-04,525.39,179763.81999999998
2016-02-05,541.8,30041.175
2016-02-06,537.19,43938.215
2016-02-07,531.04,55279.875
2016-02-08,526.845,93181.97
2016-02-09,529.2,130078.635
2016-02-10,531.645,106375.90000000001
2016-02-11,535.63,122096.72
2016-02-12,536.7825,73126.675
2016-02-13,539.38,8122.07
2016-02-14,553.93,172953.0
2016-02-15,566.3675000000001,155253.995
2016-02-16,565.27,62931.775
2016-02-17,576.7925,149512.145
2016-02-18,584.045,294158.19
2016-02-19,588.7025,105592.12
2016-02-20,596.975,211778.54499999998
2016-02-21,608.29,263400.93
2016-02-22,605.665,138927.5
2016-02-23,589.9575,261110.845
2016-02-24,583.705,138538.91
2016-02-25,586.6975,131149.61000000002
2016-02-26,590.5699999999999,45838.01
2016-02-27,601.38,14207.765000000001
2016-02-28,602.5125,115273.23
2016-02-29,608.56,202657.825
2016-03-01,609.1375,113637.065
2016-03-02,668.3499999999999,72392.26
2016-03-03,588.0,38433.385
2016-03-04,569.5074999999999,48257.704999999994
2016-03-05,548.045,16737.965
2016-03-06,538.3925,24882.615
2016-03-07,619.9475,91637.81000000001
2016-03-08,608.5125,67426.605
2016-03-09,609.675,63913.189999999995
2016-03-10,549.345,40892.350000000006
2016-03-11,554.935,50293.835
2016-03-12,590.6999999999999,15823.074999999999
2016-03-13,551.47,30885.469999999998
2016-03-14,544.28,66296.95999999999
2016-03-15,654.785,85431.73999999999
2016-03-16,592.3825,53865.899999999994
2016-03-17,598.285,44393.91
2016-03-18,630.03,35204.055
2016-03-19,613.6624999999999,13769.23
2016-03-20,584.2725,28694.710000000003
2016-03-21,580.4100000000001,88473.675
2016-03-22,609.405,64630.375
2016-03-23,582.005,49147.14
2016-03-24,570.7825,17117.765
2016-03-25,589.4375,21860.670000000002
2016-03-26,595.6675,11231.65
2016-03-27,616.5274999999999,11022.565
2016-03-28,630.79,39626.255
2016-03-29,621.7525,92114.36
2016-03-30,575.995,53694.325
2016-03-31,599.965,72040.54
2016-04-01,593.9375,50122.715
2016-04-02,572.105,14769.15
2016-04-03,605.825,27677.530000000002
2016-04-04,546.035,95111.245
2016-04-05,622.54,72987.92
2016-04-06,613.85,62205.545
2016-04-07,617.22,67897.145
2016-04-08,637.795,42944.585
2016-04-09,664.7149999999999,13580.89
2016-04-10,551.6800000000001,21885.010000000002
2016-04-11,624.53,89019.845
2016-04-12,609.5849999999999,71685.42000000001
2016-04-13,619.775,57523.8
2016-04-14,607.86,44254.645000000004
2016-04-15,552.48,45119.545000000006
2016-04-16,608.315,19089.309999999998
2016-04-17,623.95,34111.85
2016-04-18,617.6874999999999,111886.295
2016-04-19,604.83,83425.72499999999
2016-04-20,646.0975,92072.53000000001
2016-04-21,629.2425000000001,60850.715000000004
2016-04-22,635.27,41270.354999999996
2016-04-23,639.115,28232.274999999998
2016-04-24,615.175,23702.78
2016-04-25,657.5875000000001,40049.855
2016-04-26,642.7775,119906.855
2016-04-27,677.9925000000001,87862.66
2016-04-28,568.3125,41917.07
2016-04-29,585.4050000000001,59684.06
2016-04-30,656.2125,19932.885000000002
2016-05-01,610.8975,23937.929999999997
2016-05-02,583.7075,65901.75
2016-05-03,589.7225,145698.745
2016-05-04,598.7549999999999,93111.38500000001
2016-05-05,596.97,158906.0
2016-05-06,605.6875,149405.04
2016-05-07,618.0550000000001,8055.7300000000005
2016-05-08,641.8,25243.165
2016-05-09,623.8050000000001,100682.73
2016-05-10,619.6625,159267.19
2016-05-11,612.2825,92270.955
2016-05-12,652.2925,39413.299999999996
2016-05-13,654.72,46026.96
2016-05-14,719.9475,16198.175000000001
2016-05-15,747.9775000000001,22829.865
2016-05-16,668.9925,92396.735
2016-05-17,617.5325,128017.25499999999
2016-05-18,621.3325,64044.645
2016-05-19,658.835,43048.924999999996
2016-05-20,615.29,100847.625
2016-05-21,639.975,11821.025
2016-05-22,615.2925,66261.40999999999
2016-05-23,614.855,175077.77
2016-05-24,619.5699999999999,199710.48500000002
2016-05-25,622.3025,342573.935
2016-05-26,624.38,255416.71000000002
2016-05-27,641.7675,296395.925
2016-05-28,674.785,233304.04
2016-05-29,692.7125,98120.65
2016-05-30,720.65,238804.375
2016-05-31,741.72,168703.47
2016-06-01,740.8875,152698.805
2016-06-02,740.0224999999999,95827.525
2016-06-03,757.0450000000001,142348.775
2016-06-04,780.7974999999999,51219.38
2016-06-05,784.18,55062.71
2016-06-06,797.0975,193368.285
2016-06-07,794.91,213391.22
2016-06-08,783.615,147768.085
2016-06-09,784.81,115023.82
2016-06-10,777.0675,113836.835
2016-06-11,798.405,62905.689999999995
2016-06-12,856.1,170400.67
2016-06-13,934.975,313430.32
2016-06-14,964.345,247960.16499999998
2016-06-15,949.08,271727.545
2016-06-16,1002.635,303554.84
2016-06-17,1038.1550000000002,325731.40499999997
2016-06-18,1031.0375,140946.56
2016-06-19,1036.9325,93370.99500000001
2016-06-20,988.4850000000001,269299.56
2016-06-21,953.1925000000001,302720.605
2016-06-22,873.9875,268297.41
2016-06-23,829.5799999999999,271621.83999999997
2016-06-24,907.53,262418.305
2016-06-25,923.0775,97767.075
2016-06-26,906.315,105315.735
2016-06-27,896.1850000000001,191387.79
2016-06-28,901.3825,222498.475
2016-06-29,885.5475,219701.93
2016-06-30,894.41,191176.075
2016-07-01,914.2225,143624.0
2016-07-02,931.9475,52593.83500000001
2016-07-03,924.005,127443.44
2016-07-04,904.12,236985.61000000002
2016-07-05,913.6625,204082.35
2016-07-06,910.8399999999999,190961.13
2016-07-07,881.9300000000001,240145.64
2016-07-08,875.5799999999999,92755.14
2016-07-09,877.2325,96648.06499999999
2016-07-10,872.4925000000001,62724.5
2016-07-11,876.5074999999999,222584.81
2016-07-12,885.6324999999999,174900.78
2016-07-13,893.9200000000001,175683.4
2016-07-14,883.1825,127829.51
2016-07-15,886.7550000000001,128432.38
2016-07-16,889.775,60446.905
2016-07-17,892.08,90918.71
2016-07-18,902.2574999999999,265989.375
2016-07-19,904.2349999999999,187477.38999999998
2016-07-20,905.9975,156496.595
2016-07-21,905.7225000000001,158036.27
2016-07-22,894.775,202199.625
2016-07-23,887.1999999999999,47449.915
2016-07-24,896.7425000000001,95218.12
2016-07-25,891.5925000000001,200157.075
2016-07-26,884.8725000000001,230728.74000000002
2016-07-27,885.2925,171424.23
2016-07-28,884.755,150106.62
2016-07-29,873.03,88139.05500000001
2016-07-30,867.1025,39457.850000000006
2016-07-31,844.8275,115502.06499999999
2016-08-01,818.5274999999999,212271.89
2016-08-02,759.8975,347451.805
2016-08-03,753.335,292968.64999999997
2016-08-04,777.955,208427.85
2016-08-05,769.1450000000001,173095.995
2016-08-06,771.55,67944.46
2016-08-07,785.9375,112026.23
2016-08-08,787.1975,149575.405
2016-08-09,780.5174999999999,191272.065
2016-08-10,778.2225,181455.635
2016-08-11,781.4024999999999,80497.925
2016-08-12,775.1500000000001,91635.19
2016-08-13,779.1400000000001,47102.0
2016-08-14,764.6650000000001,88268.08
2016-08-15,754.085,197989.19
2016-08-16,759.3625,198918.12
2016-08-17,762.9875,134804.605
2016-08-18,755.36,136369.515
2016-08-19,753.99,114710.245
2016-08-20,750.085,37422.55
2016-08-21,752.335,53033.65
2016-08-22,771.71,177161.605
2016-08-23,773.955,234930.675
2016-08-24,768.8125,178534.69999999998
2016-08-25,766.62,235532.79499999998
2016-08-26,764.5675000000001,126159.675
2016-08-27,760.97,119246.535
2016-08-28,760.2025,49739.325000000004
2016-08-29,771.765,179849.505
2016-08-30,777.925,216456.74
2016-08-31,774.0475,196841.855
2016-09-01,765.4624999999999,169489.84
2016-09-02,734.7925,179334.18000000002
2016-09-03,770.6225,46561.04
2016-09-04,805.2950000000001,82279.285
2016-09-05,811.765,149857.375
2016-09-06,809.3275,172862.42500000002
2016-09-07,811.1524999999999,182226.94999999998
2016-09-08,821.7825,198711.90000000002
2016-09-09,829.9925000000001,145801.435
2016-09-10,838.1725,44994.130000000005
2016-09-11,826.2024999999999,93631.55500000001
2016-09-12,810.3125,218367.52
2016-09-13,807.425,149770.0
2016-09-14,807.495,158036.835
2016-09-15,813.55,172333.955
2016-09-16,812.7175,115222.59999999999
2016-09-17,817.2975,50405.855
2016-09-18,830.0649999999999,73866.875
2016-09-19,829.3525,308930.615
2016-09-20,816.5875000000001,270723.33
2016-09-21,804.755,211720.465
2016-09-22,790.5025,137981.93
2016-09-23,791.6025000000001,122392.65500000001
2016-09-24,797.8875,49641.115
2016-09-25,794.04,81620.19
2016-09-26,794.81,255583.08500000002
2016-09-27,798.59,237766.68
2016-09-28,791.9375,168543.39
2016-09-29,797.4825000000001,127877.55
2016-09-30,812.4049999999999,85521.375
2016-10-01,811.4675,54477.65
2016-10-02,816.675,50593.915
2016-10-03,820.1825,88905.64
2016-10-04,817.0725,194930.19
2016-10-05,810.2975,152588.14
2016-10-06,815.4124999999999,122148.085
2016-10-07,813.2249999999999,150793.36500000002
2016-10-08,811.0550000000001,57583.53
2016-10-09,810.885,96337.88500000001
2016-10-10,812.1425,230380.69
2016-10-11,834.3625,136138.89
2016-10-12,845.2975000000001,238480.075
2016-10-13,843.775,169933.955
2016-10-14,843.8725,154527.82
2016-10-15,844.575,45786.76
2016-10-16,847.9200000000001,74560.98
2016-10-17,849.4925000000001,214435.86000000002
2016-10-18,843.5025,192564.125
2016-10-19,833.595,186849.20500000002
2016-10-20,823.0975,113931.98000000001
2016-10-21,825.02,125331.87
2016-10-22,846.9475,55637.18
2016-10-23,863.9925000000001,55503.060000000005
2016-10-24,862.39,159878.00999999998
2016-10-25,866.1475,219478.165
2016-10-26,877.9749999999999,164629.875
2016-10-27,895.5225,149988.815
2016-10-28,906.61,142042.265
2016-10-29,926.1575,95851.83
2016-10-30,930.8525000000001,104589.69
2016-10-31,918.9575,187177.655
2016-11-01,937.5325,175913.77
2016-11-02,951.1675,149162.345
2016-11-03,930.1025,193736.135
2016-11-04,908.2575,181052.655
2016-11-05,920.7775,59879.700000000004
2016-11-06,928.0925,75173.29
2016-11-07,918.3399999999999,254239.5
2016-11-08,912.3874999999999,158757.945
2016-11-09,937.0225,258386.125
2016-11-10,940.99,118862.295
2016-11-11,942.38,109943.56
2016-11-12,942.8675000000001,61188.994999999995
2016-11-13,933.935,81578.56
2016-11-14,933.7475000000001,210644.465
2016-11-15,938.26,224507.29
2016-11-16,960.065,259284.02500000002
2016-11-17,978.8,148803.98
2016-11-18,1010.25,171892.19999999998
2016-11-19,1021.1750000000001,67918.605
2016-11-20,1010.4124999999999,235980.9
2016-11-21,1005.0849999999999,246042.475
2016-11-22,1016.5674999999999,316105.345
2016-11-23,1021.3974999999999,618378.1849999999
2016-11-24,1012.15,501225.61
2016-11-25,1001.1625,230889.625
2016-11-26,994.9975,104159.465
2016-11-27,998.4225,138600.8
2016-11-28,995.865,336472.92
2016-11-29,996.5649999999999,295537.95
2016-11-30,1011.6724999999999,300433.425
2016-12-01,1024.6575,233773.415
2016-12-02,1059.255,916143.4400000001
2016-12-03,1071.875,741809.405
2016-12-04,1027.5675,121232.08499999999
2016-12-05,1048.6725000000001,302648.445
2016-12-06,1072.07,415940.575
2016-12-07,1089.505,478710.055
2016-12-08,1072.1075,617950.935
2016-12-09,1035.845,336410.25
2016-12-10,1046.3174999999999,155123.455
2016-12-11,1066.935,473571.77499999997
2016-12-12,1064.9625,402342.675
2016-12-13,1067.815,521988.22000000003
2016-12-14,1047.355,284747.185
2016-12-15,1054.8,241534.775
2016-12-16,1061.5825,251546.68
2016-12-17,1070.2025,334711.54
2016-12-18,1091.49,106356.27
2016-12-19,1094.2725,370882.47
2016-12-20,1087.18,420760.7
2016-12-21,1108.8525,936553.775
2016-12-22,1164.63,574926.085
2016-12-23,1234.7775000000001,699869.25
2016-12-24,1263.355,202710.945
2016-12-25,1238.3975,165748.34
2016-12-26,1253.5925000000002,109192.24
2016-12-27,1283.055,298809.34
2016-12-28,1326.565,1155502.605
2016-12-29,1347.985,778817.545
2016-12-30,1341.1275,174601.995
2016-12-31,1329.7649999999999,72569.44499999999
2017-01-01,1353.595,365426.765
2017-01-02,1400.1774999999998,458016.005
2017-01-03,1428.5125000000003,299060.3
2017-01-04,1492.2975000000001,1674852.19
2017-01-05,1450.4925,4463035.135000001
2017-01-06,1301.6799999999998,2865593.87
2017-01-07,1213.4925,3448462.8400000003
2017-01-08,1243.6525,1036865.85
2017-01-09,1229.9325,2520080.5749999997
2017-01-10,1232.0149999999999,2128558.48
2017-01-11,1142.525,5061144.55
2017-01-12,1051.8275,2191035.005
2017-01-13,1077.6599999999999,3724002.655
2017-01-14,1103.5375,651229.11
2017-01-15,1092.09,598173.475
2017-01-16,1102.49,1038932.12
2017-01-17,1159.8449999999998,1858003.67
2017-01-18,1178.5575000000001,1076934.145
2017-01-19,1175.7975000000001,821771.975
2017-01-20,1183.8200000000002,570420.81
2017-01-21,1205.0025,535536.74
2017-01-22,1215.6425,845519.235
2017-01-23,1226.6675,476273.055
2017-01-24,1212.06,431023.91
2017-01-25,1189.3275,437414.53500000003
2017-01-26,1217.3875,127908.375
2017-01-27,1233.805,122657.11499999999
2017-01-28,1246.1299999999999,63796.29
2017-01-29,1241.2775,89282.625
2017-01-30,1242.535,256140.27500000002
2017-01-31,1260.425,296856.83
2017-02-01,1292.8125,313946.405
2017-02-02,1316.9775,289219.365
2017-02-03,1336.5825,467703.425
2017-02-04,1345.4675,209967.84
2017-02-05,1351.55,141078.10499999998
2017-02-06,1354.52,229301.89500000002
2017-02-07,1381.3200000000002,252671.235
2017-02-08,1393.05,513995.24
2017-02-09,1341.4925,1008668.225
2017-02-10,1299.6299999999999,478362.135
2017-02-11,1321.7825,161508.015
2017-02-12,1336.6675,120357.99500000001
2017-02-13,1323.2475,375047.91
2017-02-14,1327.505,364938.665
2017-02-15,1329.6499999999999,204389.285
2017-02-16,1342.0974999999999,271200.19499999995
2017-02-17,1375.5225,230274.81
2017-02-18,1389.97,173128.22
2017-02-19,1378.8624999999997,184763.305
2017-02-20,1393.955,354417.07
2017-02-21,1443.785,499270.46
2017-02-22,1472.23,441530.33
2017-02-23,1506.3925,714558.7849999999
2017-02-24,1533.58,1450468.93
2017-02-25,1521.1125,630633.785
2017-02-26,1524.5075000000002,743484.695
2017-02-27,1551.69,813014.83
2017-02-28,1557.1749999999997,908476.7949999999
2017-03-01,1579.3375,590394.47
2017-03-02,1642.7450000000001,1053039.8099999998
2017-03-03,1689.9299999999998,1340534.345
2017-03-04,1683.565,382056.66000000003
2017-03-05,1679.6675,294099.705
2017-03-06,1697.4924999999998,490442.335
2017-03-07,1664.2675,1461197.0
2017-03-08,1602.6425,1275496.355
2017-03-09,1581.1325000000002,1074949.18
2017-03-10,1584.0200000000002,3441232.485
2017-03-11,1554.7675000000002,1497105.475
2017-03-12,1619.6525,1078177.525
2017-03-13,1652.2224999999999,1158871.905
2017-03-14,1657.6574999999998,849121.11
2017-03-15,1662.6750000000002,523496.115
2017-03-16,1607.8825,1199205.825
2017-03-17,1495.645,1945208.925
2017-03-18,1341.9,2909527.42
2017-03-19,1324.9925,1595969.01
2017-03-20,1382.0275000000001,1115721.9849999999
2017-03-21,1435.9425,971020.07
2017-03-22,1421.5775,1159280.115
2017-03-23,1386.9125,406477.0
2017-03-24,1310.6125,652637.985
2017-03-25,1241.57,401348.23
2017-03-26,1284.03,319605.115
2017-03-27,1337.88,499574.16500000004
2017-03-28,1390.3725,417763.745
2017-03-29,1378.9750000000001,432771.27
2017-03-30,1376.5825,306118.98
2017-03-31,1406.39,260794.625
2017-04-01,1445.8600000000001,148774.625
2017-04-02,1459.6475,136623.61
2017-04-03,1502.055,470987.205
2017-04-04,1534.5525,410823.36500000005
2017-04-05,1512.2099999999998,349138.58999999997
2017-04-06,1535.4325,394143.53
2017-04-07,1572.3625000000002,296137.585
2017-04-08,1584.2825,207430.195
2017-04-09,1592.29,192993.22999999998
2017-04-10,1611.7575,347213.385
2017-04-11,1614.065,307974.14
2017-04-12,1621.9375,226634.93
2017-04-13,1598.73,424082.20999999996
2017-04-14,1585.64,122818.98999999999
2017-04-15,1591.5625,124119.5
2017-04-16,1588.8375,56489.44
2017-04-17,1602.34,140171.66
2017-04-18,1630.1925,409431.50999999995
2017-04-19,1637.1750000000002,379012.255
2017-04-20,1646.4724999999999,317038.32999999996
2017-04-21,1671.1175,193904.545
2017-04-22,1668.3200000000002,146411.695
2017-04-23,1672.6725000000001,225124.945
2017-04-24,1674.6924999999999,211725.38999999998
2017-04-25,1689.8824999999997,215734.21
2017-04-26,1721.4924999999998,437506.13
2017-04-27,1741.7499999999998,411651.41500000004
2017-04-28,1753.5725,406182.51
2017-04-29,1766.9075,127445.36
2017-04-30,1775.96,216443.365
2017-05-01,1835.2250000000001,474535.63
2017-05-02,1923.5149999999999,501973.125
2017-05-03,1998.5475000000001,586754.6499999999
2017-05-04,2086.355,628519.28
2017-05-05,2172.12,654999.485
2017-05-06,2169.54,209273.13
2017-05-07,2200.86,222159.16
2017-05-08,2291.3475000000003,745572.9149999999
2017-05-09,2459.9475,659733.235
2017-05-10,2481.2,685606.3
2017-05-11,2509.1850000000004,636410.4349999999
2017-05-12,2526.8325,501283.525
2017-05-13,2498.58,412004.52499999997
2017-05-14,2572.5,164906.29
2017-05-15,2535.6875,437681.175
2017-05-16,2490.3625,512263.15
2017-05-17,2546.8325,562603.4
2017-05-18,2605.6225000000004,517587.53500000003
2017-05-19,2710.36,582752.43
2017-05-20,2811.8875,370507.7
2017-05-21,2860.3375000000005,425441.83999999997
2017-05-22,2929.9300000000003,771038.515
2017-05-23,3190.0975,694268.99
2017-05-24,3534.53,947083.645
2017-05-25,3580.5525000000002,1246167.43
2017-05-26,3396.8025,986666.33
2017-05-27,3008.7275,981955.42
2017-05-28,3098.715,519722.16
2017-05-29,3227.7775,495671.8
2017-05-30,3237.01,865945.885
2017-05-31,3164.81,666308.1799999999
2017-06-01,3338.5675,602393.39
2017-06-02,3537.3224999999998,652058.02
2017-06-03,3602.7125,587059.8049999999
2017-06-04,3544.8199999999997,487481.76
2017-06-05,3594.8100000000004,632776.925
2017-06-06,3772.105,1114714.06
2017-06-07,3802.625,1188540.4200000002
2017-06-08,3816.195,703426.765
2017-06-09,3862.87,732837.455
2017-06-10,3861.9875,378492.08
2017-06-11,3877.3125,483468.69
2017-06-12,3778.3549999999996,1015438.225
2017-06-13,3756.365,942073.655
2017-06-14,3638.5825,1378940.915
2017-06-15,3417.87,1375258.83
2017-06-16,3490.1375000000003,617497.775
2017-06-17,3630.4975,649615.8
2017-06-18,3641.0074999999997,480841.87
2017-06-19,3603.7225,557380.6900000001
2017-06-20,3735.775,1030677.39
2017-06-21,3781.2449999999994,769739.52
2017-06-22,3745.3275000000003,535832.88
2017-06-23,3779.835,543296.575
2017-06-24,3684.8925,383479.585
2017-06-25,3573.43,528997.53
2017-06-26,3401.0449999999996,862926.94
2017-06-27,3408.1975,967779.22
2017-06-28,3525.5575,1031901.1799999999
2017-06-29,3492.2999999999997,647364.295
2017-06-30,3382.7025,715527.3550000001
2017-07-01,3325.1575000000003,356637.805
2017-07-02,3315.8475000000003,629955.615
2017-07-03,3398.17,480916.68
2017-07-04,3477.6475,556593.185
2017-07-05,3496.5525,422374.805
2017-07-06,3506.635,332148.63
2017-07-07,3465.8375,545392.215
2017-07-08,3417.7925,274918.38499999995
2017-07-09,3431.1000000000004,216587.96000000002
2017-07-10,3294.67,652706.26
2017-07-11,3183.8475,775936.625
2017-07-12,3171.495,595157.0299999999
2017-07-13,3165.0975,502783.92
2017-07-14,2990.9500000000003,697951.365
2017-07-15,2758.13,341839.905
2017-07-16,2556.525,607714.115
2017-07-17,2741.795,865517.1
2017-07-18,2999.3675000000003,875017.07
2017-07-19,3007.7475,680305.18
2017-07-20,3337.745,1335242.9000000001
2017-07-21,3542.7475000000004,665370.485
2017-07-22,3550.7799999999997,428688.60000000003
2017-07-23,3575.3825,399404.67500000005
2017-07-24,3550.3825,559187.775
2017-07-25,3403.0575,1034193.355
2017-07-26,3283.53,729778.58
2017-07-27,3350.1949999999997,575547.85
2017-07-28,3508.4925,597383.0650000001
2017-07-29,3512.0299999999997,327406.09
2017-07-30,3499.4024999999997,337564.22000000003
2017-07-31,3616.285,425665.17
2017-08-01,3697.7749999999996,403048.62
2017-08-02,3626.9399999999996,605627.945
2017-08-03,3583.95,448394.66
2017-08-04,3664.49,512094.90499999997
2017-08-05,3935.4775,716410.895
2017-08-06,4115.0725,497603.73000000004
2017-08-07,4199.447499999999,1085909.84
2017-08-08,4369.754999999999,993952.965
2017-08-09,4364.73,918924.125
2017-08-10,4374.745,1089420.9000000001
2017-08-11,4550.51,998161.26
2017-08-12,4843.2525,1388015.45
2017-08-13,5162.8225,1303176.42
2017-08-14,5489.07,1628949.165
2017-08-15,5582.5275,2534276.04
2017-08-16,5576.8575,1436913.03
2017-08-17,5681.9025,1628949.72
2017-08-18,5487.5075,1455948.5699999998
2017-08-19,5367.9425,1185532.07
2017-08-20,5356.925,451525.935
2017-08-21,5276.825000000001,1208579.4249999998
2017-08-22,5211.205,1395273.5
2017-08-23,5388.735,955841.355
2017-08-24,5517.6625,1059218.47
2017-08-25,5659.3875,805960.12
2017-08-26,5645.785,613088.86
2017-08-27,5632.8675,497023.3
2017-08-28,5630.975,1125121.91
2017-08-29,5761.87,1604703.3099999998
2017-08-30,5894.5599999999995,931785.835
2017-08-31,6018.0425,1272658.615
2017-09-01,6177.077499999999,1825398.46
2017-09-02,6052.249999999999,1571238.3399999999
2017-09-03,5923.094999999999,1079335.785
2017-09-04,5765.077499999999,859269.505
2017-09-05,5663.9175,2030565.885
2017-09-06,5903.629999999999,1662281.26
2017-09-07,5948.955,1417266.65
2017-09-08,5714.370000000001,2276389.735
2017-09-09,5517.37,911862.7999999999
2017-09-10,5361.7575,1498493.1
2017-09-11,5288.4875,1325454.58
2017-09-12,5281.4925,1617207.355
2017-09-13,5046.155000000001,1666205.52
2017-09-14,4452.467500000001,3093790.1199999996
2017-09-15,4319.8475,4028848.78
2017-09-16,4644.615,8548194.155000001
2017-09-17,4571.9025,8067653.65
2017-09-18,4884.155,3081186.76
2017-09-19,5011.639999999999,1559936.4
2017-09-20,4944.577499999999,1175872.775
2017-09-21,4742.945,2541958.71
2017-09-22,4573.7075,4011329.0149999997
2017-09-23,4649.8325,16115247.709999999
2017-09-24,4678.275,8633774.535
2017-09-25,4806.695,2767188.79
2017-09-26,4985.8125,2471860.005
2017-09-27,5136.5575,2893248.0
2017-09-28,5344.1175,3421678.645
2017-09-29,5284.1125,4274499.025
2017-09-30,5414.26,4356616.13
2017-10-01,5535.139999999999,4286150.875
2017-10-02,5634.035,2296766.6799999997
2017-10-03,5593.057499999999,2338741.92
2017-10-04,5493.549999999999,1704170.5150000001
2017-10-05,5500.799999999999,2108561.855
2017-10-06,5622.17,4249940.06
2017-10-07,5633.2425,14472114.625
2017-10-08,5784.3949999999995,16021533.915
2017-10-09,6021.6,5679139.005
2017-10-10,6150.8324999999995,5648697.18
2017-10-11,6146.3525,3931734.4250000003
2017-10-12,6570.9400000000005,6966338.21
2017-10-13,7128.5875,16237029.605
2017-10-14,7258.0599999999995,10265001.94
2017-10-15,7243.2875,2623611.9050000003
2017-10-16,7283.629999999999,1236596.075
2017-10-17,7298.797500000001,1441757.01
2017-10-18,7094.164999999999,2229704.5500000003
2017-10-19,7248.1725,2891979.37
2017-10-20,7461.102500000001,3604976.62
2017-10-21,7731.3975,2465860.12
2017-10-22,7656.7575,10282006.059999999
2017-10-23,7611.0875,3650645.02
2017-10-24,7454.0525,5584712.795000001
2017-10-25,7328.5625,3229161.8499999996
2017-10-26,7592.53,3861015.66
2017-10-27,7693.68,2144250.175
2017-10-28,13419.412499999999,7866318.9399999995
2017-10-29,27694.2275,3180569.0999999996
2017-10-30,8022.915,4110851.2150000003
2017-10-31,8229.3075,7147498.085
2017-11-01,8638.592499999999,5908203.845
2017-11-02,9214.77,13045585.34
2017-11-03,9476.0375,7972693.79
2017-11-04,9597.0175,5930739.92
2017-11-05,9742.555,7151247.29
2017-11-06,9518.2425,8627625.485
2017-11-07,9400.98,6205521.6
2017-11-08,9684.135,4541354.305
2017-11-09,9665.54,4972569.915
2017-11-10,9172.8525,6527348.29
2017-11-11,8708.9075,5040270.695
2017-11-12,8086.02,18131527.895
2017-11-13,8336.717499999999,8587178.73
2017-11-14,8799.1475,4382051.015
2017-11-15,9327.7675,6003742.475
2017-11-16,10168.765,6403696.815
2017-11-17,10510.125,7695036.88
2017-11-18,10293.2675,4284530.035
2017-11-19,10526.119999999999,2131943.265
2017-11-20,10831.2925,3395700.945
2017-11-21,10885.9925,7593238.025
2017-11-22,10920.685000000001,2683682.75
2017-11-23,10840.41,3075685.73
2017-11-24,10822.490000000002,2873914.755
2017-11-25,11221.8575,4764662.885
2017-11-26,11947.2125,4562919.800000001
2017-11-27,12574.637499999999,5608769.84
2017-11-28,13289.0825,13260889.950000001
2017-11-29,13590.3925,66805714.335
2017-11-30,13587.657500000001,20414835.445
2017-12-01,14139.185,20548537.33
2017-12-02,14728.2325,9208066.125
2017-12-03,14987.965,136543992.805
2017-12-04,15400.7725,8324537.805000001
2017-12-05,16391.4925,7217469.385
2017-12-06,18342.559999999998,24859712.075
2017-12-07,23025.495000000003,266525669.75
2017-12-08,24322.372499999998,726764756.32
2017-12-09,22264.5975,129057015.98
2017-12-10,20369.037500000002,77255544.535
2017-12-11,22306.184999999998,20702840.835
2017-12-12,23308.47,14827929.465
2017-12-13,23621.735,11830927.215
2017-12-14,23176.4675,9372324.44
2017-12-15,23644.364999999998,12743449.905
2017-12-16,25509.177499999998,9465296.735
2017-12-17,26293.67,10233809.350000001
2017-12-18,25707.115,12053455.040000001
2017-12-19,24690.8375,16322432.91
2017-12-20,23366.250000000004,19780145.195
2017-12-21,22095.98,13047971.58
2017-12-22,19771.205,49185791.51
2017-12-23,19671.8425,11712302.959999999
2017-12-24,19415.965,15230510.015
2017-12-25,18629.125,10425999.735000001
2017-12-26,20400.082499999997,8768226.795
2017-12-27,21053.737500000003,10148223.450000001
2017-12-28,20140.02,12648696.805
2017-12-29,19847.64,9298223.059999999
2017-12-30,18436.4375,14085622.295
2017-12-31,18125.77,5555271.649999999
2018-01-01,18751.1575,3869589.9
2018-01-02,19216.260000000002,7145438.305000001
2018-01-03,20505.614999999998,7687201.355
2018-01-04,21049.3875,9745516.525
2018-01-05,22097.55,18826009.03
2018-01-06,22801.942499999997,11948586.385
2018-01-07,22639.93,35425785.525000006
2018-01-08,22064.9625,15437763.235000001
2018-01-09,21426.5975,12890370.82
2018-01-10,20778.7575,11828842.27
2018-01-11,19766.2675,32602530.505
2018-01-12,19088.755,9219845.38
2018-01-13,19726.275,4402629.675
2018-01-14,19357.205,6875020.734999999
2018-01-15,19092.1825,5671738.12
2018-01-16,16346.16,44025266.47
2018-01-17,13990.42,33384099.705
2018-01-18,14933.3025,11809169.825000001
2018-01-19,15118.9875,7004691.57
2018-01-20,16196.677500000002,5438002.885
2018-01-21,16055.0975,4475872.065
2018-01-22,14516.935,5404190.995
2018-01-23,13893.982500000002,4594963.215
2018-01-24,14013.980000000001,4515654.315
2018-01-25,14253.285,3695106.2849999997
2018-01-26,13876.21,10073239.625
2018-01-27,14036.365,1869613.07
2018-01-28,14416.410000000002,3763311.935
2018-01-29,14201.265,3343344.21
2018-01-30,13107.9025,7523134.625
2018-01-31,12357.615000000002,5226746.695
2018-02-01,11762.9025,7251332.27
2018-02-02,10385.4925,14209589.86
2018-02-03,10973.0275,4629900.49
2018-02-04,10804.9925,3864661.44
2018-02-05,9314.0625,9068035.17
2018-02-06,8977.605,15940159.57
2018-02-07,9963.305,8369246.949999999
2018-02-08,10313.55,4431081.06
2018-02-09,10864.115,4356858.445
2018-02-10,11165.8525,5161190.800000001
2018-02-11,10656.6375,3135070.99
2018-02-12,10989.0125,3668487.84
2018-02-13,11187.79,2752004.825
2018-02-14,11558.085,4691787.5600000005
2018-02-15,12474.11,6619886.4350000005
2018-02-16,12844.210000000001,4780010.135
2018-02-17,13598.3,6385190.859999999
2018-02-18,13725.4025,8336342.92
2018-02-19,13795.5775,4073579.435
2018-02-20,14514.515000000001,6918152.84
2018-02-21,13864.7775,7043873.265000001
2018-02-22,13234.9575,5039281.9799999995
2018-02-23,12892.217499999999,3816390.49
2018-02-24,12825.5475,3627879.855
2018-02-25,12374.484999999999,2320608.03
2018-02-26,12748.9125,3432005.9899999998
2018-02-27,13486.627499999999,3750229.38
2018-02-28,13699.127499999999,4310090.085
2018-03-01,13758.9525,2761392.7199999997
2018-03-02,14210.11,3206101.675
2018-03-03,14601.782500000001,2907045.7399999998
2018-03-04,14650.8125,2203255.795
2018-03-05,14821.039999999999,2374088.2600000002
2018-03-06,14252.88,4206835.470000001
2018-03-07,13272.6525,5779721.08
2018-03-08,12389.43,4800785.49
2018-03-09,11701.365,7715790.205
2018-03-10,11659.599999999999,3284964.935
2018-03-11,11683.689999999999,2935967.0100000002
2018-03-12,11932.965,4113022.6900000004
2018-03-13,11722.57,2993364.2399999998
2018-03-14,11078.835,4414418.565
2018-03-15,10430.9875,5744250.09
2018-03-16,10727.759999999998,2319105.825
2018-03-17,10496.955,1847398.7650000001
2018-03-18,10294.72,4452817.869999999
2018-03-19,10949.562499999998,4421630.665
2018-03-20,11420.7975,3156779.585
2018-03-21,11673.98,2831967.84
2018-03-22,11494.119999999999,1926520.13
2018-03-23,11390.404999999999,2180944.395
2018-03-24,11509.022500000001,1921222.7249999999
2018-03-25,11127.8975,1245312.18
2018-03-26,10733.080000000002,2835297.415
2018-03-27,10365.205000000002,2731448.7950000004
2018-03-28,10330.1025,1886407.23
2018-03-29,9741.092499999999,3246883.375
2018-03-30,9077.5025,3872042.455
2018-03-31,9064.8875,1988624.25
2018-04-01,8884.98,1724553.775
2018-04-02,9104.15,1288720.0550000002
2018-04-03,9360.769999999999,2146941.7199999997
2018-04-04,9196.14,2351230.67
2018-04-05,8926.35,1895737.2650000001
2018-04-06,8743.395,1336963.2550000001
2018-04-07,8911.66,1260166.95
2018-04-08,9252.8025,867256.1849999999
2018-04-09,8988.2025,2078168.32
2018-04-10,8939.675,1138595.06
2018-04-11,8885.352499999999,995317.4450000001
2018-04-12,9496.967499999999,5896771.455
2018-04-13,10161.957499999999,2483458.8449999997
2018-04-14,10189.955000000002,991369.4249999999
2018-04-15,10569.932499999999,1051947.635
2018-04-16,10489.9125,1746515.1400000001
2018-04-17,10389.9175,2139277.08
2018-04-18,10297.085,1863120.38
2018-04-19,10564.557499999999,1316797.2
2018-04-20,11119.52,2447040.43
2018-04-21,11464.305,2056049.865
2018-04-22,11426.605,1242199.195
2018-04-23,11680.275,1284168.73
2018-04-24,12260.2625,3237199.485
2018-04-25,12200.5975,4150620.1100000003
2018-04-26,11912.670000000002,1703630.11
2018-04-27,12165.1875,1660535.0250000001
2018-04-28,12171.737500000001,1383813.5150000001
2018-04-29,12405.065,1791681.4000000001
2018-04-30,12416.875,1325377.18
2018-05-01,12207.4375,2004099.525
2018-05-02,12182.3125,1279012.41
2018-05-03,12550.412499999999,2103939.835
2018-05-04,12745.212500000001,1459374.32
2018-05-05,12935.255000000001,1214001.885
2018-05-06,12733.817500000001,1389860.4149999998
2018-05-07,12480.550000000001,1285430.595
2018-05-08,12360.355000000001,1447882.7850000001
2018-05-09,12356.17,1739533.155
2018-05-10,12375.147500000001,1696003.055
2018-05-11,11585.6825,2528921.41
2018-05-12,11274.720000000001,1891518.6199999999
2018-05-13,11482.7725,1113831.27
2018-05-14,11476.7425,3035213.8899999997
2018-05-15,11502.3225,1446140.12
2018-05-16,11222.0725,1980186.7850000001
2018-05-17,11034.7275,1098769.955
2018-05-18,10976.125,983266.8400000001
2018-05-19,11123.3325,573666.695
2018-05-20,11258.365000000002,599081.725
2018-05-21,11222.06,1277695.485
2018-05-22,10856.647500000001,1521295.21
2018-05-23,10294.8325,2614375.585
2018-05-24,9996.3475,1221202.1300000001
2018-05-25,9991.0475,1007829.9900000001
2018-05-26,9888.810000000001,2837349.385
2018-05-27,9739.77,597947.9450000001
2018-05-28,9615.907500000001,1572261.6199999999
2018-05-29,9697.8375,2811319.1649999996
2018-05-30,9852.3125,1382229.91
2018-05-31,9988.845000000001,799939.635
2018-06-01,10019.515,788631.53
2018-06-02,10023.5925,733855.315
2018-06-03,10157.522500000001,592369.095
2018-06-04,10017.505000000001,805080.9400000001
2018-06-05,9901.3575,877104.0
2018-06-06,9964.6575,1113991.58
2018-06-07,10182.0975,639532.525
2018-06-08,10206.7525,492932.94
2018-06-09,10108.17,347425.52999999997
2018-06-10,9407.1725,2519733.665
2018-06-11,9031.6925,1251622.755
2018-06-12,8874.8925,2135615.565
2018-06-13,8514.8425,2713340.495
2018-06-14,8647.6875,1270827.5550000002
2018-06-15,8867.419999999998,743609.4550000001
2018-06-16,8847.9,317227.33
2018-06-17,8889.1075,310162.565
2018-06-18,8851.800000000001,2533659.54
2018-06-19,9081.445,888457.7849999999
2018-06-20,9067.1325,754352.4
2018-06-21,9094.88,1122195.405
2018-06-22,8562.385,2308004.515
2018-06-23,8229.7525,485596.06
2018-06-24,8181.575000000001,2163524.445
2018-06-25,8528.9475,1291610.905
2018-06-26,8439.067500000001,906228.64
2018-06-27,8397.3225,1029349.23
2018-06-28,8335.3,903415.3450000001
2018-06-29,8167.2699999999995,1646042.0450000002
2018-06-30,8491.897500000001,1701667.445
2018-07-01,8526.485,576656.75
2018-07-02,8703.39,1603818.325
2018-07-03,8794.275000000001,1790618.035
2018-07-04,8798.7025,1740531.05
2018-07-05,8849.175000000001,857030.025
2018-07-06,8819.76,726889.655
2018-07-07,8918.0375,932750.3049999999
2018-07-08,8985.150000000001,739258.665
2018-07-09,8920.005,672049.7100000001
2018-07-10,8710.1425,1148739.9300000002
2018-07-11,8687.8575,1048775.87
2018-07-12,8507.1175,1386978.385
2018-07-13,8500.232499999998,563607.62
2018-07-14,8585.9175,328251.455
2018-07-15,8668.4,426480.135
2018-07-16,8930.467499999999,1148891.05
2018-07-17,9451.535,2915624.19
2018-07-18,9905.522500000001,1626657.75
2018-07-19,10074.325,1158598.855
2018-07-20,10025.17,1495954.19
2018-07-21,9893.067500000001,407543.84500000003
2018-07-22,9994.7625,362681.155
2018-07-23,10204.852499999999,1685069.705
2018-07-24,10879.0075,2280458.6999999997
2018-07-25,11121.7175,1628090.34
2018-07-26,10858.865000000002,1490719.405
2018-07-27,10851.300000000001,1395669.5450000002
2018-07-28,11119.365000000002,499467.635
2018-07-29,11201.335,435400.53500000003
2018-07-30,11068.689999999999,1028805.275
2018-07-31,10699.0575,1962608.525
2018-08-01,10401.45,1511196.46
2018-08-02,10366.1375,859572.585
2018-08-03,10242.065,902531.48
2018-08-04,9882.99,612346.225
2018-08-05,9652.449999999999,460873.015
2018-08-06,9555.025,1162901.3900000001
2018-08-07,9317.4625,1105580.38
2018-08-08,8791.9425,2142519.9699999997
2018-08-09,8808.6925,1105883.7049999998
2018-08-10,8708.8675,2019081.615
2018-08-11,8622.935,1146886.955
2018-08-12,8769.5925,6742266.635
2018-08-13,8720.18,1007752.47
2018-08-14,8521.5125,2109391.5300000003
2018-08-15,8764.1375,2119805.4899999998
2018-08-16,8832.8525,1282240.585
2018-08-17,9009.9925,900763.1799999999
2018-08-18,8976.0075,606758.5599999999
2018-08-19,8951.78,714076.4199999999
2018-08-20,8868.3475,951061.025
2018-08-21,8844.8125,1081072.7550000001
2018-08-22,8869.8675,5199650.425
2018-08-23,8948.09,1255253.195
2018-08-24,9046.369999999999,1170795.525
2018-08-25,9327.17,665076.1950000001
2018-08-26,9262.349999999999,552003.5199999999
2018-08-27,9332.4825,1348529.2200000002
2018-08-28,9503.965,1733838.2149999999
2018-08-29,9728.4175,1000930.35
2018-08-30,9543.252499999999,1179234.205
2018-08-31,9825.785,1087345.995
2018-09-01,9994.220000000001,1279530.485
2018-09-02,10094.86,794441.6849999999
2018-09-03,10152.355,1505024.91
2018-09-04,10287.36,955448.24
2018-09-05,9778.7275,1945253.275
2018-09-06,9130.035,3907702.275
2018-09-07,9174.419999999998,905730.0700000001
2018-09-08,8916.8525,674051.805
2018-09-09,8936.085000000001,848890.875
2018-09-10,8982.5625,655736.6
2018-09-11,8845.607500000002,911695.015
2018-09-12,8798.9375,901849.13
2018-09-13,9070.564999999999,851078.025
2018-09-14,9051.155,571039.385
2018-09-15,9208.7075,298942.64
2018-09-16,9193.9725,418298.865
2018-09-17,8908.1375,1242873.46
2018-09-18,8912.8325,671336.13
2018-09-19,8772.395,948787.76
2018-09-20,8903.872500000001,851705.875
2018-09-21,9060.04,1413140.515
2018-09-22,9151.175000000001,829760.93
2018-09-23,9118.7625,537159.1749999999
2018-09-24,9072.2,942681.435
2018-09-25,8924.935000000001,989970.25
2018-09-26,8908.425000000001,814842.015
2018-09-27,9093.855,802294.855
2018-09-28,9322.09,1025966.0299999999
2018-09-29,9287.705,421538.8
2018-09-30,9278.375,416995.77999999997
2018-10-01,9124.04,696522.275
2018-10-02,9216.7925,820371.09
2018-10-03,9213.967499999999,784652.31
2018-10-04,9184.565,1325519.86
2018-10-05,9243.0425,1345356.8900000001
2018-10-06,9251.085,868100.49
2018-10-07,9247.792500000001,867460.5299999999
2018-10-08,9292.43,1573218.9200000002
2018-10-09,9283.3125,1407391.8599999999
2018-10-10,9218.2725,1692070.9
2018-10-11,8966.6925,3407203.04
2018-10-12,8735.635,1186716.23
2018-10-13,8760.505000000001,935513.32
2018-10-14,8759.305,1367875.675
2018-10-15,8967.83,5692884.975000001
2018-10-16,8998.5275,2247392.475
2018-10-17,9001.1725,1208720.725
2018-10-18,9005.5125,1230800.79
2018-10-19,8966.33,879456.245
2018-10-20,8967.3875,761606.725
2018-10-21,8995.539999999999,765868.66
2018-10-22,9002.189999999999,1236419.565
2018-10-23,9019.2025,1379325.11
2018-10-24,9033.7175,1318479.39
2018-10-25,9036.755,1147092.875
2018-10-26,9043.3725,1024843.17
2018-10-27,9026.88,634981.05
2018-10-28,9015.5625,724734.805
2018-10-29,8956.9,2329105.27
2018-10-30,8875.455,1940719.125
2018-10-31,8872.095,2035571.705
2018-11-01,8855.789999999999,1670725.25
2018-11-02,8826.9375,1276684.47
2018-11-03,8800.8325,235924.385
2018-11-04,8846.4475,556943.8400000001
2018-11-05,8890.6425,1026244.72
2018-11-06,8899.055,1971431.905
2018-11-07,8966.35,2231954.8850000002
2018-11-08,8899.8675,1751291.7449999999
2018-11-09,8831.1925,1163696.5
2018-11-10,8847.435000000001,910993.46
2018-11-11,8827.855,489116.975
